{"cameraMode":{"drawMode":0,"name":"Shaded","section":"Shading Mode"},"sceneLighting":true,"audioPlay":false,"sceneViewState":{"m_AlwaysRefresh":false,"showFog":true,"showSkybox":true,"showFlares":true,"showImageEffects":true,"showParticleSystems":true,"showVisualEffectGraphs":true,"m_FxEnabled":true},"in2DMode":false,"pivot":{"x":1147.0709228515625,"y":506.2076416015625,"z":244.61358642578126},"rotation":{"x":-0.40014132857322695,"y":0.12928828597068788,"z":-0.060881759971380237,"w":-0.9059564471244812},"size":47.71757125854492,"orthographic":false}