{"cameraMode":{"drawMode":0,"name":"Shaded","section":"Shading Mode"},"sceneLighting":true,"audioPlay":false,"sceneViewState":{"m_AlwaysRefresh":false,"showFog":true,"showSkybox":true,"showFlares":true,"showImageEffects":true,"showParticleSystems":true,"showVisualEffectGraphs":true,"m_FxEnabled":true},"in2DMode":false,"pivot":{"x":746.8895263671875,"y":222.0966033935547,"z":-26.913698196411134},"rotation":{"x":0.13859833776950837,"y":-0.12783846259117127,"z":0.01631224900484085,"w":0.9833126664161682},"size":11.196440696716309,"orthographic":false}